station,valid_utc,wind_speed_kt,wind_direction_deg,hourly_max_gust_kt
LAR,1990-01-01 00:00,13.0,220,
LAR,1990-01-01 01:00,11.0,210,19.0
LAR,1990-01-01 02:00,10.0,190,19.0
LAR,1990-01-01 03:00,14.0,170,
LAR,1990-01-01 04:00,14.0,200,
LAR,1990-01-01 05:00,17.0,210,
LAR,1990-01-01 06:00,11.0,220,
LAR,1990-01-01 07:00,8.0,200,
LAR,1990-01-01 08:00,14.0,210,
LAR,1990-01-01 09:00,10.0,230,22.0
LAR,1990-01-01 10:00,5.0,190,
LAR,1990-01-01 11:00,15.0,210,
LAR,1990-01-01 12:00,20.0,220,
LAR,1990-01-01 13:00,15.0,220,
LAR,1990-01-01 14:00,14.0,210,
LAR,1990-01-01 15:00,7.0,250,
LAR,1990-01-01 16:00,7.0,210,
LAR,1990-01-01 17:00,18.0,220,32.0
LAR,1990-01-01 18:00,15.0,210,28.0
LAR,1990-01-01 19:00,18.0,230,35.0
LAR,1990-01-01 20:00,16.0,220,34.0
LAR,1990-01-01 21:00,18.0,220,30.0
LAR,1990-01-01 22:00,18.0,220,33.0
LAR,1990-01-01 23:00,20.0,210,31.0
LAR,1990-01-02 00:00,16.0,200,
LAR,1990-01-02 01:00,17.0,190,
LAR,1990-01-02 02:00,11.0,180,
LAR,1990-01-02 03:00,10.0,180,
LAR,1990-01-02 04:00,10.0,190,
LAR,1990-01-02 05:00,7.0,140,
LAR,1990-01-02 06:00,6.0,170,
LAR,1990-01-02 07:00,9.0,150,
LAR,1990-01-02 08:00,0.0,0,
LAR,1990-01-02 09:00,0.0,0,
LAR,1990-01-02 10:00,0.0,0,
LAR,1990-01-02 11:00,13.0,210,
LAR,1990-01-02 12:00,13.0,210,
LAR,1990-01-02 13:00,11.0,180,
LAR,1990-01-02 14:00,10.0,200,22.0
LAR,1990-01-02 15:00,10.0,110,
LAR,1990-01-02 16:00,10.0,130,
LAR,1990-01-02 17:00,6.0,160,
LAR,1990-01-02 18:00,15.0,210,25.0
LAR,1990-01-02 19:00,25.0,210,40.0
LAR,1990-01-02 20:00,25.0,220,41.0
LAR,1990-01-02 21:00,25.0,220,40.0
LAR,1990-01-02 22:00,25.0,220,35.0
LAR,1990-01-03 00:00,15.0,240,22.0
LAR,1990-01-03 01:00,12.0,220,18.0
LAR,1990-01-03 02:00,12.0,230,18.0
LAR,1990-01-03 03:00,15.0,220,22.0
LAR,1990-01-03 04:00,12.0,250,
LAR,1990-01-03 05:00,11.0,10,
LAR,1990-01-03 07:00,12.0,40,
LAR,1990-01-03 08:00,4.0,50,
LAR,1990-01-03 09:00,9.0,300,
LAR,1990-01-03 10:00,4.0,100,
LAR,1990-01-03 11:00,11.0,20,
LAR,1990-01-03 12:00,13.0,350,
LAR,1990-01-03 13:00,6.0,350,
LAR,1990-01-03 14:38,0.0,0,
LAR,1990-01-03 15:24,3.0,100,
LAR,1990-01-03 16:40,4.0,50,
LAR,1990-01-03 17:21,4.0,100,
LAR,1990-01-03 18:36,0.0,0,
LAR,1990-01-03 19:30,5.0,180,
LAR,1990-01-03 20:00,5.0,190,
LAR,1990-01-03 21:16,5.0,270,

